﻿"Partinavn";"Kort partinavn";"Parti";"Nummer"
"Stemmeberettigede";"Berret";"BE";"-5"
"Afgivne stemmer";"Total";"TO";"-4"
"Blanke stemmer";"Blanke";"UB";"-3"
"Andre ugyldige stemmer";"Ugyldige";"UA";"-2"
"Gyldige stemmer";"Gyldige";"GY";"-1"
"A. Socialdemokratiet";"Socialdemokratiet";"A";"1"
"B. Det Radikale Venstre";"Radikale Venstre";"B";"2"
"B. Radikale Venstre";"Radikale Venstre";"B";"2"
"C. Det Konservative Folkeparti";"Konservative Folkeparti";"C";"3"
"D. Centrum-Demokraterne";"Centrum-Demokraterne";"D";"4"
"D. Nye Borgerlige";"Nye Borgerlige";"D";"4"
"F. SF - Socialistisk Folkeparti";"Socialistisk Folkeparti";"F";"4"
"F. SF - Socialistisk Folkeparti";"Socialistisk Folkeparti";"F";"5"
"F. Socialistisk Folkeparti";"Socialistisk Folkeparti";"F";"5"
"I. Liberal Alliance";"Liberal Alliance";"I";"5"
"K. Kristendemokraterne";"Kristendemokraterne";"K";"5"
"I. Liberal Alliance";"Liberal Alliance";"I";"6"
"K. Kristendemokraterne";"Kristendemokraterne";"K";"6"
"O. Dansk Folkeparti";"Dansk Folkeparti";"O";"6"
"K. Kristendemokraterne";"Kristendemokraterne";"K";"7"
"M. Minoritetspartiet";"Minoritetspartiet";"M";"7"
"O. Dansk Folkeparti";"Dansk Folkeparti";"O";"7"
"V. Venstre, Danmarks Liberale Parti";"Venstre";"V";"7"
"M. Moderaterne";"Moderaterne";"M";"8"
"O. Dansk Folkeparti";"Dansk Folkeparti";"O";"8"
"V. Venstre, Danmarks Liberale Parti";"Venstre";"V";"8"
"Y. Ny Alliance";"Ny Alliance";"Y";"8"
"O. Dansk Folkeparti";"Dansk Folkeparti";"O";"9"
"V. Venstre, Danmarks Liberale Parti";"Venstre";"V";"9"
"Ø. Enhedslisten - De Rød-Grønne";"Enhedslisten";"Ø";"9"
"1. Uden for partierne";"Uden for partierne";"1";"10"
"Q. Frie Grønne, Danmarks Nye Venstrefløjsparti";"Frie Grønne";"Q";"10"
"Ø. Enhedslisten - De Rød-Grønne";"Enhedslisten";"Ø";"10"
"Å. Alternativet";"Alternativet";"Å";"10"
"1. Uden for partierne";"Uden for partierne";"1";"11"
"2. Uden for partierne";"Uden for partierne";"2";"11"
"D. Nye Borgerlige";"Nye Borgerlige";"D";"11"
"V. Venstre, Danmarks Liberale Parti";"Venstre";"V";"11"
"2. Uden for partierne";"Uden for partierne";"2";"12"
"3. Uden for partierne";"Uden for partierne";"3";"12"
"P. Stram Kurs";"Stram Kurs";"P";"12"
"Æ. Danmarksdemokraterne - Inger Støjberg";"Danmarksdemokraterne";"Æ";"12"
"3. Uden for partierne";"Uden for partierne";"3";"13"
"4. Uden for partierne";"Uden for partierne";"4";"13"
"E. Klaus Riskær Pedersen";"Klaus Riskær Pedersen";"E";"13"
"Ø. Enhedslisten - De Rød-Grønne";"Enhedslisten";"Ø";"13"
"1. Uden for partierne";"Uden for partierne";"1";"14"
"4. Uden for partierne";"Uden for partierne";"4";"14"
"5. Uden for partierne";"Uden for partierne";"5";"14"
"Å. Alternativet";"Alternativet";"Å";"14"
"1. Uden for partierne";"Uden for partierne";"1";"15"
"2. Uden for partierne";"Uden for partierne";"2";"15"
"6. Uden for partierne";"Uden for partierne";"6";"15"
"2. Uden for partierne";"Uden for partierne";"2";"16"
"3. Uden for partierne";"Uden for partierne";"3";"16"
"3. Uden for partierne";"Uden for partierne";"3";"17"
"4. Uden for partierne";"Uden for partierne";"4";"17"
"5. Uden for partierne";"Uden for partierne";"5";"18"